Workbook
Name DataTable: Portfolio!$B$19:$I$30

Sheet Portfolio
B1: INVESTMENT PORTFOLIO
B18: Symbol | C18: Company Name | D18: Sector | E18: Open | F18: Price | G18: Change in Price | H18: Quantity | I18: Total
B19: MSFT | C19: Microsoft Corporation | D19: Technology | E19: 27.82 | F19: 28.15 | G19: 0.0072 | H19: 179 | I19: =F19*H19 -> 5038.85
B20: LNCO | C20: Linn Co | D20: Energy | E20: 38.8 | F20: 38.52 | G20: -0.0067 | H20: 225 | I20: =F20*H20 -> 8667
B21: F | C21: Ford Motor Co | D21: Consumer Cyclical | E21: 12.55 | F21: 12.75 | G21: 0.0111 | H21: 141 | I21: =F21*H21 -> 1797.75
B22: BGSC | C22: BGS Acquisition Corp | D22: Industrials | E22: 9.93 | F22: 9.94 | G22: -0.002 | H22: 86 | I22: =F22*H22 -> 854.84
B23: ADRD | C23: BLDRS Developed Markets 100 ADR Index F | D23: Consumer Defensive | E23: 21.45 | F23: 21.46 | G23: 0.0039 | H23: 300 | I23: =F23*H23 -> 6438
B24: V | C24: Visa | D24: Financial Services | E24: 157.76 | F24: 159 | G24: 0.009 | H24: 97 | I24: =F24*H24 -> 15423
B25: MGI | C25: MoneyGram International Inc | D25: Industrials | E25: 16.47 | F25: 17.27 | G25: 0.0422 | H25: 34 | I25: =F25*H25 -> 587.18
B26: R | C26: Ryder System Inc | D26: Industrials | E26: 55.15 | F26: 55.58 | G26: 0.0027 | H26: 45 | I26: =F26*H26 -> 2501.1
B27: JACK | C27: Jack In The Box Inc | D27: Consumer Cyclical | E27: 31.97 | F27: 31.79 | G27: -0.0081 | H27: 54 | I27: =F27*H27 -> 1716.66
B28: GE | C28: General Electric Co | D28: Industrials | E28: 23.15 | F28: 23.27 | G28: 0.0034 | H28: 36 | I28: =F28*H28 -> 837.72
B29: SBUX | C29: Starbucks Corporation | D29: Consumer Cyclical | E29: 54.77 | F29: 55.7 | G29: 0.0151 | H29: 100 | I29: =F29*H29 -> 5570
B30: NOK | C30: Nokia Corp ADS | D30: Technology | E30: 3.48 | F30: 3.47 | G30: -0.0334 | H30: 50 | I30: =F30*H30 -> 173.5

Sheet Calculations
B2: Portfolio Sectors
B4: {=INDEX(Portfolio!$D$18:$D$30,MATCH(0,COUNTIF($B$3:B3,Portfolio!$D$18:$D$30),0))} -> Sector | C4: Price by Sectors
B5: {=INDEX(Portfolio!$D$18:$D$30,MATCH(0,COUNTIF($B$3:B4,Portfolio!$D$18:$D$30),0))} -> Technology | C5: =SUMIFS(Portfolio!$I$19:$I$30,Portfolio!$D$19:$D$30,B5) -> 5212.35
B6: {=INDEX(Portfolio!$D$18:$D$30,MATCH(0,COUNTIF($B$3:B5,Portfolio!$D$18:$D$30),0))} -> Energy | C6: =SUMIFS(Portfolio!$I$19:$I$30,Portfolio!$D$19:$D$30,B6) -> 8667
B7: {=INDEX(Portfolio!$D$18:$D$30,MATCH(0,COUNTIF($B$3:B6,Portfolio!$D$18:$D$30),0))} -> Consumer Cyclical | C7: =SUMIFS(Portfolio!$I$19:$I$30,Portfolio!$D$19:$D$30,B7) -> 9084.41
B8: {=INDEX(Portfolio!$D$18:$D$30,MATCH(0,COUNTIF($B$3:B7,Portfolio!$D$18:$D$30),0))} -> Industrials | C8: =SUMIFS(Portfolio!$I$19:$I$30,Portfolio!$D$19:$D$30,B8) -> 4780.84
B9: {=INDEX(Portfolio!$D$18:$D$30,MATCH(0,COUNTIF($B$3:B8,Portfolio!$D$18:$D$30),0))} -> Consumer Defensive | C9: =SUMIFS(Portfolio!$I$19:$I$30,Portfolio!$D$19:$D$30,B9) -> 6438
B10: {=INDEX(Portfolio!$D$18:$D$30,MATCH(0,COUNTIF($B$3:B9,Portfolio!$D$18:$D$30),0))} -> Financial Services | C10: =SUMIFS(Portfolio!$I$19:$I$30,Portfolio!$D$19:$D$30,B10) -> 15423
B13: Top 5 Positions
B15: Company Symbol | C15: Total
B16: =INDEX(Portfolio!$B$19:$B30, MATCH(C16,Portfolio!$I$19:$I$30,0)) -> NOK | C16: =SMALL(Portfolio!$I$19:$I30,ROWS($C$16:$C16)) -> 173.5
B17: =INDEX(Portfolio!$B$19:$B31, MATCH(C17,Portfolio!$I$19:$I$30,0)) -> MGI | C17: =SMALL(Portfolio!$I$19:$I31,ROWS($C$16:$C17)) -> 587.18
B18: =INDEX(Portfolio!$B$19:$B32, MATCH(C18,Portfolio!$I$19:$I$30,0)) -> GE | C18: =SMALL(Portfolio!$I$19:$I32,ROWS($C$16:$C18)) -> 837.72
B19: =INDEX(Portfolio!$B$19:$B33, MATCH(C19,Portfolio!$I$19:$I$30,0)) -> BGSC | C19: =SMALL(Portfolio!$I$19:$I33,ROWS($C$16:$C19)) -> 854.84
B20: =INDEX(Portfolio!$B$19:$B34, MATCH(C20,Portfolio!$I$19:$I$30,0)) -> JACK | C20: =SMALL(Portfolio!$I$19:$I34,ROWS($C$16:$C20)) -> 1716.66
B21: =INDEX(Portfolio!$B$19:$B35, MATCH(C21,Portfolio!$I$19:$I$30,0)) -> F | C21: =SMALL(Portfolio!$I$19:$I35,ROWS($C$16:$C21)) -> 1797.75
B22: =INDEX(Portfolio!$B$19:$B36, MATCH(C22,Portfolio!$I$19:$I$30,0)) -> R | C22: =SMALL(Portfolio!$I$19:$I36,ROWS($C$16:$C22)) -> 2501.1
B23: =INDEX(Portfolio!$B$19:$B37, MATCH(C23,Portfolio!$I$19:$I$30,0)) -> MSFT | C23: =SMALL(Portfolio!$I$19:$I37,ROWS($C$16:$C23)) -> 5038.85
B24: =INDEX(Portfolio!$B$19:$B38, MATCH(C24,Portfolio!$I$19:$I$30,0)) -> SBUX | C24: =SMALL(Portfolio!$I$19:$I38,ROWS($C$16:$C24)) -> 5570
B25: =INDEX(Portfolio!$B$19:$B39, MATCH(C25,Portfolio!$I$19:$I$30,0)) -> ADRD | C25: =SMALL(Portfolio!$I$19:$I39,ROWS($C$16:$C25)) -> 6438
B26: =INDEX(Portfolio!$B$19:$B40, MATCH(C26,Portfolio!$I$19:$I$30,0)) -> LNCO | C26: =SMALL(Portfolio!$I$19:$I40,ROWS($C$16:$C26)) -> 8667
B27: =INDEX(Portfolio!$B$19:$B41, MATCH(C27,Portfolio!$I$19:$I$30,0)) -> V | C27: =SMALL(Portfolio!$I$19:$I41,ROWS($C$16:$C27)) -> 15423
